Workbook

Sheet Sheet1
A1: Year | B1: 0 | C1: 1 | D1: 2 | E1: 3 | F1: 4 | G1: 5 | H1: 6 | I1: 7 | J1: 8 | K1: 9 | L1: 10 | M1: 11 | N1: 12 | O1: 13 | P1: 14 | Q1: 15 | R1: 16 | S1: 17 | T1: 18 | U1: 19 | V1: 20 | W1: 21 | X1: 22 | Y1: 23 | Z1: 24 | AA1: 25 | AB1: 26 | AC1: 27 | AD1: 28 | AE1: 29 | AF1: 30 | AG1: 31 | AH1: 32 | AI1: 33 | AJ1: 34 | AK1: 35 | AL1: 36 | AM1: 37 | AN1: 38 | AO1: 39 | AP1: 40 | AQ1: 41 | AR1: 42 | AS1: 43 | AT1: 44 | AU1: 45 | AV1: 46 | AW1: 47 | AX1: 48 | AY1: 49 | AZ1: 50 | BA1: 51 | BB1: 52 | BC1: 53 | BD1: 54 | BE1: 55 | BF1: 56 | BG1: 57 | BH1: 58 | BI1: 59 | BJ1: 60 | BK1: 61 | BL1: 62 | BM1: 63 | BN1: 64 | BO1: 65 | BP1: 66 | BQ1: 67 | BR1: 68 | BS1: 69 | BT1: 70 | BU1: 71 | BV1: 72 | BW1: 73 | BX1: 74 | BY1: 75 | BZ1: 76 | CA1: 77 | CB1: 78 | CC1: 79 | CD1: 80 | CE1: 81 | CF1: 82 | CG1: 83 | CH1: 84 | CI1: 85 | CJ1: 86 | CK1: 87 | CL1: 88 | CM1: 89 | CN1: 90 | CO1: 91 | CP1: 92 | CQ1: 93 | CR1: 94 | CS1: 95 | CT1: 96 | CU1: 97 | CV1: 98 | CW1: 99 | CX1: 100+
A2: 1950 | B2: 100000 | C2: 83570.725 | D2: 78462.03 | E2: 75293.587 | F2: 73270.499 | G2: 71933.828 | H2: 71012.514 | I2: 70343.815 | J2: 69828.746 | K2: 69407.178 | L2: 69041.028 | M2: 68705.701 | N2: 68384.342 | O2: 68064.903 | P2: 67738.447 | Q2: 67398.234 | R2: 67039.472 | S2: 66659.178 | T2: 66256.319 | U2: 65831.508 | V2: 65386.912 | W2: 64925.535 | X2: 64450.838 | Y2: 63966.115 | Z2: 63474.149 | AA2: 62976.813 | AB2: 62474.923 | AC2: 61968.29 | AD2: 61455.843 | AE2: 60936.337 | AF2: 60408.708 | AG2: 59872.728 | AH2: 59329.227 | AI2: 58779.689 | AJ2: 58225.941 | AK2: 57669.185 | AL2: 57109.558 | AM2: 56546.05 | AN2: 55976.595 | AO2: 55399.247 | AP2: 54812.881 | AQ2: 54218.167 | AR2: 53617.992 | AS2: 53016.244 | AT2: 52416.859 | AU2: 51821.737 | AV2: 51229.647 | AW2: 50636.256 | AX2: 50034.245 | AY2: 49415.369 | AZ2: 48771.867 | BA2: 48098.333 | BB2: 47393.401 | BC2: 46658.842 | BD2: 45898.555 | BE2: 45115.538 | BF2: 44309.132 | BG2: 43474.238 | BH2: 42600.653 | BI2: 41675.568 | BJ2: 40686.282 | BK2: 39623.372 | BL2: 38484.723 | BM2: 37275.203 | BN2: 36005.179 | BO2: 34686.071 | BP2: 33324.719 | BQ2: 31921.893 | BR2: 30471.316 | BS2: 28963.253 | BT2: 27389.562 | BU2: 25747.584 | BV2: 24045.14 | BW2: 22299.57 | BX2: 20534.601 | BY2: 18775.699 | BZ2: 17044.055 | CA2: 15355.558 | CB2: 13720.708 | CC2: 12147.168 | CD2: 10643.067 | CE2: 9218.002 | CF2: 7883.841 | CG2: 6652.982 | CH2: 5536.208 | CI2: 4541.029 | CJ2: 3670.364 | CK2: 2922.508 | CL2: 2291.555 | CM2: 1768.434 | CN2: 1342.007 | CO2: 1000.217 | CP2: 730.998 | CQ2: 522.879 | CR2: 365.377 | CS2: 249.014 | CT2: 165.343 | CU2: 106.919 | CV2: 67.341 | CW2: 41.331 | CX2: 24.729
A3: 1951 | B3: 100000 | C3: 83902.365 | D3: 78987.425 | E3: 75921.073 | F3: 73953.194 | G3: 72647.268 | H3: 71743.767 | I3: 71085.962 | J3: 70578.062 | K3: 70161.633 | L3: 69799.515 | M3: 69467.6 | N3: 69149.272 | O3: 68832.572 | P3: 68508.568 | Q3: 68170.508 | R3: 67813.584 | S3: 67434.836 | T3: 67033.323 | U3: 66609.79 | V3: 66166.562 | W3: 65706.741 | X3: 65233.804 | Y3: 64750.98 | Z3: 64260.925 | AA3: 63765.389 | AB3: 63265.099 | AC3: 62759.829 | AD3: 62248.533 | AE3: 61730.008 | AF3: 61203.225 | AG3: 60667.962 | AH3: 60125.005 | AI3: 59575.761 | AJ3: 59021.963 | AK3: 58464.735 | AL3: 57904.181 | AM3: 57339.296 | AN3: 56768.062 | AO3: 56188.586 | AP3: 55599.774 | AQ3: 55002.277 | AR3: 54398.902 | AS3: 53793.424 | AT3: 53189.669 | AU3: 52589.482 | AV3: 51991.63 | AW3: 51391.819 | AX3: 50782.802 | AY3: 50156.4 | AZ3: 49504.901 | BA3: 48822.919 | BB3: 48109.067 | BC3: 47365.063 | BD3: 46594.73 | BE3: 45800.998 | BF3: 44983.16 | BG3: 44136.091 | BH3: 43249.582 | BI3: 42310.814 | BJ3: 41307.074 | BK3: 40228.912 | BL3: 39074.154 | BM3: 37847.568 | BN3: 36559.394 | BO3: 35220.928 | BP3: 33838.928 | BQ3: 32414.128 | BR3: 30940.254 | BS3: 29407.569 | BT3: 27807.952 | BU3: 26138.842 | BV3: 24408.225 | BW3: 22633.676 | BX3: 20839.231 | BY3: 19050.692 | BZ3: 17289.613 | CA3: 15572.253 | CB3: 13909.481 | CC3: 12309.302 | CD3: 10780.165 | CE3: 9331.96 | CF3: 7976.775 | CG3: 6727.161 | CH3: 5593.976 | CI3: 4584.733 | CJ3: 3702.304 | CK3: 2944.886 | CL3: 2306.411 | CM3: 1777.592 | CN3: 1347.036 | CO3: 1002.415 | CP3: 731.393 | CQ3: 522.245 | CR3: 364.26 | CS3: 247.767 | CT3: 164.171 | CU3: 105.922 | CV3: 66.55 | CW3: 40.738 | CX3: 24.304
A4: 1952 | B4: 100000 | C4: 84250.593 | D4: 79541.184 | E4: 76590.48 | F4: 74690.909 | G4: 73427.432 | H4: 72551.878 | I4: 71913.739 | J4: 71420.706 | K4: 71016.29 | L4: 70664.469 | M4: 70341.804 | N4: 70032.09 | O4: 69723.624 | P4: 69407.626 | Q4: 69077.435 | R4: 68728.309 | S4: 68357.362 | T4: 67963.741 | U4: 67548.277 | V4: 67113.364 | W4: 66662.123 | X4: 66197.98 | Y4: 65724.058 | Z4: 65242.872 | AA4: 64756.042 | AB4: 64264.204 | AC4: 63767.097 | AD4: 63263.694 | AE4: 62752.826 | AF4: 62233.499 | AG4: 61705.479 | AH4: 61169.481 | AI4: 60626.809 | AJ4: 60079.075 | AK4: 59527.316 | AL4: 58971.592 | AM4: 58410.908 | AN4: 57843.292 | AO4: 57266.896 | AP4: 56680.649 | AQ4: 56085.168 | AR4: 55483.167 | AS4: 54878.312 | AT4: 54274.325 | AU4: 53673.004 | AV4: 53073.13 | AW4: 52470.473 | AX4: 51857.875 | AY4: 51227.238 | AZ4: 50570.911 | BA4: 49883.529 | BB4: 49163.673 | BC4: 48412.998 | BD4: 47635.242 | BE4: 46833.255 | BF4: 46006.273 | BG4: 45149.122 | BH4: 44251.545 | BI4: 43300.659 | BJ4: 42283.655 | BK4: 41190.954 | BL4: 40020.212 | BM4: 38776.009 | BN4: 37468.4 | BO4: 36108.529 | BP4: 34703.051 | BQ4: 33252.625 | BR4: 31750.899 | BS4: 30188.068 | BT4: 28555.933 | BU4: 26851.839 | BV4: 25083.721 | BW4: 23269.216 | BX4: 21432.574 | BY4: 19600.023 | BZ4: 17793.71 | CA4: 16030.59 | CB4: 14322.227 | CC4: 12677.284 | CD4: 11104.775 | CE4: 9615.064 | CF4: 8220.646 | CG4: 6934.427 | CH4: 5767.591 | CI4: 4727.928 | CJ4: 3818.513 | CK4: 3037.635 | CL4: 2379.186 | CM4: 1833.718 | CN4: 1389.563 | CO4: 1034.05 | CP4: 754.467 | CQ4: 538.719 | CR4: 375.752 | CS4: 255.587 | CT4: 169.354 | CU4: 109.263 | CV4: 68.644 | CW4: 42.013 | CX4: 25.06
A5: 1953 | B5: 100000 | C5: 84592.003 | D5: 80085.568 | E5: 77250.322 | F5: 75419.046 | G5: 74197.743 | H5: 73349.598 | I5: 72730.389 | J5: 72251.365 | K5: 71858.061 | L5: 71515.652 | M5: 71201.402 | N5: 70899.531 | O5: 70598.592 | P5: 70289.954 | Q5: 69967.061 | R5: 69625.246 | S5: 69261.693 | T5: 68875.632 | U5: 68467.971 | V5: 68041.163 | W5: 67598.334 | X5: 67142.854 | Y5: 66677.737 | Z5: 66205.354 | AA5: 65727.196 | AB5: 65243.807 | AC5: 64754.891 | AD5: 64259.437 | AE5: 63756.312 | AF5: 63244.55 | AG5: 62723.9 | AH5: 62195.012 | AI5: 61659.088 | AJ5: 61117.618 | AK5: 60571.549 | AL5: 60020.898 | AM5: 59464.676 | AN5: 58900.958 | AO5: 58327.937 | AP5: 57744.557 | AQ5: 57151.394 | AR5: 56551.068 | AS5: 55947.124 | AT5: 55343.176 | AU5: 54740.967 | AV5: 54139.295 | AW5: 53533.997 | AX5: 52918.023 | AY5: 52283.375 | AZ5: 51622.48 | BA5: 50930.004 | BB5: 50204.505 | BC5: 49447.567 | BD5: 48662.833 | BE5: 47853.067 | BF5: 47017.443 | BG5: 46150.753 | BH5: 45242.712 | BI5: 44280.401 | BJ5: 43250.943 | BK5: 42144.647 | BL5: 40959.001 | BM5: 39698.374 | BN5: 38372.598 | BO5: 36992.626 | BP5: 35564.981 | BQ5: 34090.232 | BR5: 32561.955 | BS5: 30970.254 | BT5: 29306.826 | BU5: 27568.936 | BV5: 25764.5 | BW5: 23911.253 | BX5: 22033.684 | BY5: 20158.418 | BZ5: 18308.136 | CA5: 16500.396 | CB5: 14747.378 | CC5: 13058.311 | CD5: 11442.718 | CE5: 9911.43 | CF5: 8477.371 | CG5: 7153.847 | CH5: 5952.418 | CI5: 4881.211 | CJ5: 3943.58 | CK5: 3137.986 | CL5: 2458.351 | CM5: 1895.106 | CN5: 1436.333 | CO5: 1069.027 | CP5: 780.108 | CQ5: 557.11 | CR5: 388.634 | CS5: 264.382 | CT5: 175.202 | CU5: 113.05 | CV5: 71.033 | CW5: 43.482 | CX5: 25.941
A6: 1954 | B6: 100000 | C6: 84936.614 | D6: 80624.255 | E6: 77899.75 | F6: 76134.199 | G6: 74953.603 | H6: 74131.975 | I6: 73531.112 | J6: 73065.681 | K6: 72683.165 | L6: 72349.89 | M6: 72043.805 | N6: 71749.544 | O6: 71455.911 | P6: 71154.426 | Q6: 70838.634 | R6: 70503.939 | S6: 70147.596 | T6: 69768.914 | U6: 69368.879 | V6: 68950.004 | W6: 68515.425 | X6: 68068.452 | Y6: 67611.993 | Z6: 67148.27 | AA6: 66678.649 | AB6: 66203.581 | AC6: 65722.736 | AD6: 65235.125 | AE6: 64739.646 | AF6: 64235.363 | AG6: 63722.01 | AH6: 63200.172 | AI6: 62670.949 | AJ6: 62135.717 | AK6: 61595.333 | AL6: 61049.772 | AM6: 60498.049 | AN6: 59938.288 | AO6: 59368.726 | AP6: 58788.326 | AQ6: 58197.627 | AR6: 57599.141 | AS6: 56996.286 | AT6: 56392.551 | AU6: 55789.614 | AV6: 55186.284 | AW6: 54578.467 | AX6: 53959.218 | AY6: 53320.646 | AZ6: 52655.256 | BA6: 51957.75 | BB6: 51226.659 | BC6: 50463.499 | BD6: 49671.817 | BE6: 48854.287 | BF6: 48010.024 | BG6: 47133.778 | BH6: 46215.245 | BI6: 45241.464 | BJ6: 44199.495 | BK6: 43079.537 | BL6: 41878.915 | BM6: 40601.79 | BN6: 39257.776 | BO6: 37857.634 | BP6: 36407.754 | BQ6: 34908.616 | BR6: 33353.727 | BS6: 31733.111 | BT6: 30038.376 | BU6: 28266.719 | BV6: 26426.055 | BW6: 24534.219 | BX6: 22615.946 | BY6: 20698.257 | BZ6: 18804.364 | CA6: 16952.437 | CB6: 15155.283 | CC6: 13422.713 | CD6: 11764.777 | CE6: 10192.782 | CF6: 8720.078 | CG6: 7360.352 | CH6: 6125.512 | CI6: 5023.987 | CJ6: 4059.372 | CK6: 3230.265 | CL6: 2530.591 | CM6: 1950.644 | CN6: 1478.245 | CO6: 1100.048 | CP6: 802.598 | CQ6: 573.054 | CR6: 399.664 | CS6: 271.815 | CT6: 180.072 | CU6: 116.151 | CV6: 72.951 | CW6: 44.635 | CX6: 26.616
A7: 1955 | B7: 100000 | C7: 85276.725 | D7: 81149.831 | E7: 78532.313 | F7: 76830.764 | G7: 75690.027 | H7: 74894.447 | I7: 74311.616 | J7: 73859.529 | K7: 73487.573 | L7: 73163.208 | M7: 72865.064 | N7: 72578.194 | O7: 72291.664 | P7: 71997.153 | Q7: 71688.313 | R7: 71360.619 | S7: 71011.395 | T7: 70640.026 | U7: 70247.569 | V7: 69836.596 | W7: 69410.246 | X7: 68971.771 | Y7: 68523.971 | Z7: 68068.93 | AA7: 67607.888 | AB7: 67141.211 | AC7: 66668.529 | AD7: 66188.87 | AE7: 65701.161 | AF7: 65204.491 | AG7: 64698.582 | AH7: 64183.95 | AI7: 63661.599 | AJ7: 63132.79 | AK7: 62598.294 | AL7: 62058.042 | AM7: 61511.054 | AN7: 60955.497 | AO7: 60389.653 | AP7: 59812.498 | AQ7: 59224.534 | AR7: 58628.167 | AS7: 58026.688 | AT7: 57423.464 | AU7: 56820.108 | AV7: 56215.438 | AW7: 55605.426 | AX7: 54983.235 | AY7: 54341.08 | AZ7: 53671.548 | BA7: 52969.382 | BB7: 52233.088 | BC7: 51464.113 | BD7: 50665.907 | BE7: 49841.052 | BF7: 48988.603 | BG7: 48103.279 | BH7: 47174.755 | BI7: 46190.048 | BJ7: 45136.161 | BK7: 44003.195 | BL7: 42788.307 | BM7: 41495.445 | BN7: 40133.986 | BO7: 38714.487 | BP7: 37243.19 | BQ7: 35720.479 | BR7: 34139.786 | BS7: 32491.051 | BT7: 30765.792 | BU7: 28961.133 | BV7: 27084.973 | BW7: 25155.228 | BX7: 23196.868 | BY7: 21237.299 | BZ7: 19300.251 | CA7: 17404.501 | CB7: 15563.474 | CC7: 13787.582 | CD7: 12087.423 | CE7: 10474.795 | CF7: 8963.482 | CG7: 7567.561 | CH7: 6299.289 | CI7: 5167.4 | CJ7: 4175.733 | CK7: 3323.027 | CL7: 2603.218 | CM7: 2006.472 | CN7: 1520.358 | CO7: 1131.201 | CP7: 825.17 | CQ7: 589.048 | CR7: 410.728 | CS7: 279.271 | CT7: 184.959 | CU7: 119.262 | CV7: 74.873 | CW7: 45.788 | CX7: 27.286
A8: 1956 | B8: 100000 | C8: 85616.244 | D8: 81673.064 | E8: 79162.632 | F8: 77525.941 | G8: 76426.165 | H8: 75657.76 | I8: 75094.041 | J8: 74656.298 | K8: 74295.826 | L8: 73981.235 | M8: 73691.853 | N8: 73413.175 | O8: 73134.552 | P8: 72847.84 | Q8: 72546.805 | R8: 72227.001 | S8: 71885.821 | T8: 71522.719 | U8: 71138.821 | V8: 70736.746 | W8: 70319.632 | X8: 69890.672 | Y8: 69452.555 | Z8: 69007.226 | AA8: 68555.801 | AB8: 68098.556 | AC8: 67635.09 | AD8: 67164.443 | AE8: 66685.572 | AF8: 66197.589 | AG8: 65700.199 | AH8: 65193.856 | AI8: 64679.466 | AJ8: 64158.176 | AK8: 63630.667 | AL8: 63096.83 | AM8: 62555.685 | AN8: 62005.447 | AO8: 61444.445 | AP8: 60871.675 | AQ8: 60287.6 | AR8: 59694.524 | AS8: 59095.603 | AT8: 58494.078 | AU8: 57891.496 | AV8: 57286.681 | AW8: 56675.672 | AX8: 56051.742 | AY8: 55407.213 | AZ8: 54734.757 | BA8: 54029.157 | BB8: 53288.893 | BC8: 52515.34 | BD8: 51711.844 | BE8: 50880.892 | BF8: 50021.473 | BG8: 49128.272 | BH8: 48190.953 | BI8: 47196.511 | BJ8: 46131.898 | BK8: 44987.108 | BL8: 43759.118 | BM8: 42451.635 | BN8: 41073.778 | BO8: 39635.873 | BP8: 38143.994 | BQ8: 36598.408 | BR8: 34992.454 | BS8: 33315.989 | BT8: 31560.428 | BU8: 29722.76 | BV8: 27810.765 | BW8: 25842.327 | BX8: 23842.548 | BY8: 21839.195 | BZ8: 19856.551 | CA8: 17914.068 | CB8: 16025.893 | CC8: 14203.149 | CD8: 12457.071 | CE8: 10799.998 | CF8: 9246.174 | CG8: 7810.089 | CH8: 6504.409 | CI8: 5338.247 | CJ8: 4315.771 | CK8: 3435.937 | CL8: 2692.747 | CM8: 2076.276 | CN8: 1573.854 | CO8: 1171.465 | CP8: 854.892 | CQ8: 610.525 | CR8: 425.889 | CS8: 289.711 | CT8: 191.963 | CU8: 123.837 | CV8: 77.784 | CW8: 47.591 | CX8: 28.375
A9: 1957 | B9: 100000 | C9: 85920.292 | D9: 82132.66 | E9: 79714.949 | F9: 78135.686 | G9: 77072.982 | H9: 76329.684 | I9: 75783.943 | J9: 75359.889 | K9: 75010.475 | L9: 74705.331 | M9: 74424.422 | N9: 74153.661 | O9: 73882.686 | P9: 73603.547 | Q9: 73310.144 | R9: 72998.128 | S9: 72664.972 | T9: 72310.198 | U9: 71934.976 | V9: 71541.938 | W9: 71134.194 | X9: 70714.858 | Y9: 70286.517 | Z9: 69850.994 | AA9: 69409.303 | AB9: 68961.65 | AC9: 68507.604 | AD9: 68046.215 | AE9: 67576.46 | AF9: 67097.466 | AG9: 66608.921 | AH9: 66111.213 | AI9: 65605.16 | AJ9: 65091.805 | AK9: 64571.751 | AL9: 64044.844 | AM9: 63510.108 | AN9: 62965.795 | AO9: 62410.262 | AP9: 61842.516 | AQ9: 61262.978 | AR9: 60673.848 | AS9: 60078.16 | AT9: 59479.041 | AU9: 58877.974 | AV9: 58273.792 | AW9: 57662.599 | AX9: 57037.771 | AY9: 56391.736 | AZ9: 55717.249 | BA9: 55009.131 | BB9: 54265.843 | BC9: 53488.694 | BD9: 52680.94 | BE9: 51844.982 | BF9: 50979.753 | BG9: 50079.901 | BH9: 49135.068 | BI9: 48132.218 | BJ9: 47058.234 | BK9: 45902.993 | BL9: 44663.291 | BM9: 43342.608 | BN9: 41949.824 | BO9: 40495.051 | BP9: 38984.213 | BQ9: 37417.465 | BR9: 35788.054 | BS9: 34085.737 | BT9: 32301.807 | BU9: 30433.133 | BV9: 28487.416 | BW9: 26482.557 | BX9: 24443.832 | BY9: 22399.359 | BZ9: 20373.94 | CA9: 18387.652 | CB9: 16455.296 | CC9: 14588.635 | CD9: 12799.491 | CE9: 11100.722 | CF9: 9507.032 | CG9: 8033.329 | CH9: 6692.672 | CI9: 5494.534 | CJ9: 4443.379 | CK9: 3538.355 | CL9: 2773.517 | CM9: 2138.847 | CN9: 1621.448 | CO9: 1206.985 | CP9: 880.871 | CQ9: 629.115 | CR9: 438.883 | CS9: 298.566 | CT9: 197.838 | CU9: 127.629 | CV9: 80.162 | CW9: 49.04 | CX9: 29.234
A10: 1958 | B10: 100000 | C10: 86238.622 | D10: 82615.143 | E10: 80295.091 | F10: 78775.992 | G10: 77751.827 | H10: 77034.39 | I10: 76506.992 | J10: 76096.785 | K10: 75758.499 | L10: 75462.847 | M10: 75190.461 | N10: 74927.685 | O10: 74664.439 | P10: 74392.927 | Q10: 74107.126 | R10: 73802.75 | S10: 73477.337 | T10: 73130.488 | U10: 72763.409 | V10: 72378.728 | W10: 71979.544 | X10: 71568.942 | Y10: 71149.477 | Z10: 70722.891 | AA10: 70290.093 | AB10: 69851.211 | AC10: 69405.782 | AD10: 68952.872 | AE10: 68491.47 | AF10: 68020.706 | AG10: 67540.239 | AH10: 67050.386 | AI10: 66551.869 | AJ10: 66045.604 | AK10: 65532.08 | AL10: 65011.077 | AM10: 64481.603 | AN10: 63941.937 | AO10: 63390.391 | AP10: 62825.888 | AQ10: 62248.804 | AR10: 61661.318 | AS10: 61066.509 | AT10: 60467.511 | AU10: 59865.774 | AV10: 59260.154 | AW10: 58646.826 | AX10: 58019.274 | AY10: 57370.033 | AZ10: 56691.958 | BA10: 55979.925 | BB10: 55232.378 | BC10: 54450.559 | BD10: 53637.615 | BE10: 52795.844 | BF10: 51924.124 | BG10: 51017.091 | BH10: 50064.414 | BI10: 49053.135 | BJ10: 47970.192 | BK10: 46805.391 | BL10: 45555.298 | BM10: 44223.04 | BN10: 42817.128 | BO10: 41347.393 | BP10: 39819.555 | BQ10: 38233.644 | BR10: 36582.828 | BS10: 34856.796 | BT10: 33046.738 | BU10: 31149.386 | BV10: 29172.291 | BW10: 27133.267 | BX10: 25057.655 | BY10: 22973.838 | BZ10: 20907.084 | CA10: 18878.075 | CB10: 16902.279 | CC10: 14992.117 | CD10: 13159.996 | CE10: 11419.295 | CF10: 9785.172 | CG10: 8272.96 | CH10: 6896.142 | CI10: 5664.611 | CJ10: 4583.22 | CK10: 3651.412 | CL10: 2863.377 | CM10: 2209.062 | CN10: 1675.364 | CO10: 1247.634 | CP10: 910.914 | CQ10: 650.837 | CR10: 454.216 | CS10: 309.112 | CT10: 204.9 | CU10: 132.233 | CV10: 83.087 | CW10: 50.854 | CX10: 30.33
A11: 1959 | B11: 100000 | C11: 86546.729 | D11: 83072.424 | E11: 80841.954 | F11: 79378.503 | G11: 78390.244 | H11: 77697.05 | I11: 77186.93 | J11: 76789.816 | K11: 76462.081 | L11: 76175.452 | M11: 75911.19 | N11: 75656.049 | O11: 75400.224 | P11: 75136.119 | Q11: 74857.869 | R11: 74561.299 | S11: 74244.023 | T11: 73905.694 | U11: 73547.563 | V11: 73172.284 | W11: 72782.922 | X11: 72382.468 | Y11: 71973.336 | Z11: 71557.127 | AA11: 71134.645 | AB11: 70705.948 | AC11: 70270.546 | AD11: 69827.511 | AE11: 69375.862 | AF11: 68914.753 | AG11: 68443.83 | AH11: 67963.354 | AI11: 67473.962 | AJ11: 66976.476 | AK11: 66471.318 | AL11: 65958.24 | AM11: 65436.254 | AN11: 64903.683 | AO11: 64358.912 | AP11: 63800.919 | AQ11: 63230.038 | AR11: 62648.297 | AS11: 62058.557 | AT11: 61463.756 | AU11: 60865.255 | AV11: 60261.904 | AW11: 59649.939 | AX11: 59022.963 | AY11: 58373.632 | AZ11: 57694.892 | BA11: 56981.663 | BB11: 56232.368 | BC11: 55448.177 | BD11: 54632.135 | BE11: 53786.447 | BF11: 52909.926 | BG11: 51997.167 | BH11: 51037.819 | BI11: 50018.867 | BJ11: 48927.154 | BK11: 47752.366 | BL11: 46490.909 | BM11: 45145.716 | BN11: 43725.069 | BO11: 42238.566 | BP11: 40691.755 | BQ11: 39084.543 | BR11: 37410.004 | BS11: 35657.721 | BT11: 33818.765 | BU11: 31889.746 | BV11: 29878.131 | BW11: 27801.738 | BX11: 25686.06 | BY11: 23559.817 | BZ11: 21448.798 | CA11: 19374.33 | CB11: 17352.579 | CC11: 15396.651 | CD11: 13519.58 | CE11: 11735.3 | CF11: 10059.452 | CG11: 8507.802 | CH11: 7094.253 | CI11: 5829.078 | CJ11: 4717.465 | CK11: 3759.084 | CL11: 2948.205 | CM11: 2274.693 | CN11: 1725.211 | CO11: 1284.772 | CP11: 938.024 | CQ11: 670.195 | CR11: 467.71 | CS11: 318.279 | CT11: 210.958 | CU11: 136.123 | CV11: 85.512 | CW11: 52.322 | CX11: 31.194
A12: 1960 | B12: 100000 | C12: 86846.378 | D12: 83513.084 | E12: 81368.089 | F12: 79958.174 | G12: 79004.711 | H12: 78335.157 | I12: 77841.969 | J12: 77457.731 | K12: 77140.397 | L12: 76862.673 | M12: 76606.44 | N12: 76358.854 | O12: 76110.383 | P12: 75853.621 | Q12: 75582.838 | R12: 75293.955 | S12: 74984.662 | T12: 74654.665 | U12: 74305.247 | V12: 73939.064 | W12: 73559.145 | X12: 73168.407 | Y12: 72769.161 | Z12: 72362.895 | AA12: 71950.316 | AB12: 71531.419 | AC12: 71105.682 | AD12: 70672.191 | AE12: 70229.98 | AF12: 69778.218 | AG12: 69316.534 | AH12: 68845.129 | AI12: 68364.556 | AJ12: 67875.536 | AK12: 67378.415 | AL12: 66872.902 | AM12: 66358.008 | AN12: 65832.088 | AO12: 65293.558 | AP12: 64741.402 | AQ12: 64175.907 | AR12: 63598.997 | AS12: 63013.402 | AT12: 62421.935 | AU12: 61825.884 | AV12: 61224.101 | AW12: 60612.886 | AX12: 59985.952 | AY12: 59336.073 | AZ12: 58656.292 | BA12: 57941.577 | BB12: 57190.333 | BC12: 56403.663 | BD12: 55584.508 | BE12: 54734.979 | BF12: 53853.827 | BG12: 52935.619 | BH12: 51970.002 | BI12: 50943.948 | BJ12: 49844.259 | BK12: 48660.52 | BL12: 47388.949 | BM12: 46032.23 | BN12: 44598.367 | BO12: 43096.704 | BP12: 41532.601 | BQ12: 39905.84 | BR12: 38209.401 | BS12: 36432.775 | BT12: 34566.917 | BU12: 32608.306 | BV12: 30564.293 | BW12: 28452.658 | BX12: 26299.001 | BY12: 24132.334 | BZ12: 21978.934 | CA12: 19860.756 | CB12: 17794.653 | CC12: 15794.413 | CD12: 13873.693 | CE12: 12046.977 | CF12: 10330.386 | CG12: 8740.123 | CH12: 7290.507 | CI12: 5992.208 | CJ12: 4850.764 | CK12: 3866.098 | CL12: 3032.581 | CM12: 2340.018 | CN12: 1774.854 | CO12: 1321.774 | CP12: 965.042 | CQ12: 689.487 | CR12: 481.156 | CS12: 327.407 | CT12: 216.984 | CU12: 139.988 | CV12: 87.92 | CW12: 53.779 | CX12: 32.051
A13: 1961 | B13: 100000 | C13: 87137.608 | D13: 83944.2 | E13: 81880.344 | F13: 80518.771 | G13: 79595.122 | H13: 78944.822 | I13: 78464.825 | J13: 78090.273 | K13: 77780.574 | L13: 77509.296 | M13: 77258.823 | N13: 77016.613 | O13: 76773.308 | P13: 76521.596 | Q13: 76255.801 | R13: 75971.874 | S13: 75667.547 | T13: 75342.588 | U13: 74998.351 | V13: 74637.566 | W13: 74263.293 | X13: 73878.427 | Y13: 73485.217 | Z13: 73085.048 | AA13: 72678.537 | AB13: 72265.61 | AC13: 71845.717 | AD13: 71417.956 | AE13: 70981.394 | AF13: 70535.23 | AG13: 70079.092 | AH13: 69613.138 | AI13: 69137.842 | AJ13: 68653.836 | AK13: 68161.387 | AL13: 67660.165 | AM13: 67149.179 | AN13: 66626.818 | AO13: 66091.538 | AP13: 65542.341 | AQ13: 64979.485 | AR13: 64404.8 | AS13: 63820.895 | AT13: 63230.457 | AU13: 62634.69 | AV13: 62032.434 | AW13: 61420.039 | AX13: 60791.325 | AY13: 60139.18 | AZ13: 59456.745 | BA13: 58739.045 | BB13: 57984.463 | BC13: 57194.026 | BD13: 56370.562 | BE13: 55516.073 | BF13: 54629.249 | BG13: 53704.643 | BH13: 52731.934 | BI13: 51698.151 | BJ13: 50590.128 | BK13: 49397.428 | BL13: 48116.146 | BM13: 46748.746 | BN13: 45302.959 | BO13: 43787.862 | BP13: 42208.622 | BQ13: 40564.896 | BR13: 38849.619 | BS13: 37052.26 | BT13: 35163.749 | BU13: 33180.529 | BV13: 31109.892 | BW13: 28969.58 | BX13: 26785.234 | BY13: 24586.033 | BZ13: 22398.589 | CA13: 20245.328 | CB13: 18143.654 | CC13: 16107.917 | CD13: 14152.29 | CE13: 12291.724 | CF13: 10542.739 | CG13: 8921.886 | CH13: 7443.796 | CI13: 6119.417 | CJ13: 4954.532 | CK13: 3949.231 | CL13: 3097.955 | CM13: 2390.456 | CN13: 1813.013 | CO13: 1350.067 | CP13: 985.581 | CQ13: 704.067 | CR13: 491.262 | CS13: 334.235 | CT13: 221.475 | CU13: 142.859 | CV13: 89.702 | CW13: 54.852 | CX13: 32.678
... A75: 2023 | B75: 100000 | C75: 98474.546 | D75: 98379.523 | E75: 98296.815 | F75: 98224.724 | G75: 98161.737 | H75: 98106.477 | I75: 98057.635 | J75: 98013.945 | K75: 97974.093 | L75: 97936.7 | M75: 97900.232 | N75: 97862.937 | O75: 97822.833 | P75: 97777.582 | Q75: 97724.74 | R75: 97662.017 | S75: 97588.092 | T75: 97503.446 | U75: 97410.248 | V75: 97311.967 | W75: 97211.642 | X75: 97111.07 | Y75: 97010.645 | Z75: 96909.515 | AA75: 96806.419 | AB75: 96699.996 | AC75: 96589.226 | AD75: 96473.595 | AE75: 96352.889 | AF75: 96227.079 | AG75: 96095.968 | AH75: 95959.016 | AI75: 95815.334 | AJ75: 95663.674 | AK75: 95502.685 | AL75: 95331.052 | AM75: 95147.662 | AN75: 94951.72 | AO75: 94742.571 | AP75: 94519.577 | AQ75: 94281.814 | AR75: 94027.845 | AS75: 93755.736 | AT75: 93463.057 | AU75: 93147.201 | AV75: 92805.658 | AW75: 92436.265 | AX75: 92037.445 | AY75: 91608.009 | AZ75: 91146.956 | BA75: 90653.057 | BB75: 90124.444 | BC75: 89558.563 | BD75: 88952.131 | BE75: 88301.418 | BF75: 87602.562 | BG75: 86851.751 | BH75: 86045.419 | BI75: 85180.033 | BJ75: 84251.796 | BK75: 83256.265 | BL75: 82187.889 | BM75: 81039.947 | BN75: 79804.549 | BO75: 78472.893 | BP75: 77035.703 | BQ75: 75483.513 | BR75: 73807.049 | BS75: 71997.329 | BT75: 70045.692 | BU75: 67943.923 | BV75: 65684.345 | BW75: 63260.385 | BX75: 60667.404 | BY75: 57903.737 | BZ75: 54972.069 | CA75: 51880.31 | CB75: 48642.277 | CC75: 45277.742 | CD75: 41811.803 | CE75: 38274.483 | CF75: 34699.924 | CG75: 31126.31 | CH75: 27595.907 | CI75: 24154.307 | CJ75: 20849.38 | CK75: 17728.344 | CL75: 14834.167 | CM75: 12202.05 | CN75: 9856.215 | CO75: 7808.907 | CP75: 6060.45 | CQ75: 4600.685 | CR75: 3411.042 | CS75: 2466.294 | CT75: 1736.619 | CU75: 1189.497 | CV75: 791.786 | CW75: 511.815 | CX75: 321.069

Sheet Sheet2
A1: Year | B1: 0 | C1: 5 | D1: 10 | E1: 15 | F1: 20 | G1: 25 | H1: 30 | I1: 35 | J1: 40 | K1: 45 | L1: 50 | M1: 55 | N1: 60 | O1: 65 | P1: 70 | Q1: 75 | R1: 80 | S1: 85 | T1: 90 | U1: 95
A2: 1950 | B2: =0.2*LN(Sheet1!B2/Sheet1!G2) -> 0.065884709 | C2: =0.2*LN(Sheet1!G2/Sheet1!L2) -> 0.0082091409 | D2: =0.2*LN(Sheet1!L2/Sheet1!Q2) -> 0.0048164242 | E2: =0.2*LN(Sheet1!Q2/Sheet1!V2) -> 0.0060593399 | F2: =0.2*LN(Sheet1!V2/Sheet1!AA2) -> 0.007511101 | G2: =0.2*LN(Sheet1!AA2/Sheet1!AF2) -> 0.0083266689 | H2: =0.2*LN(Sheet1!AF2/Sheet1!AK2) -> 0.0092820583 | I2: =0.2*LN(Sheet1!AK2/Sheet1!AP2) -> 0.010159551 | J2: =0.2*LN(Sheet1!AP2/Sheet1!AU2) -> 0.011223105 | K2: =0.2*LN(Sheet1!AU2/Sheet1!AZ2) -> 0.012131209 | L2: =0.2*LN(Sheet1!AZ2/Sheet1!BE2) -> 0.015585388 | M2: =0.2*LN(Sheet1!BE2/Sheet1!BJ2) -> 0.020667145 | N2: =0.2*LN(Sheet1!BJ2/Sheet1!BO2) -> 0.031910558 | O2: =0.2*LN(Sheet1!BO2/Sheet1!BT2) -> 0.04723524 | P2: =0.2*LN(Sheet1!BT2/Sheet1!BY2) -> 0.075519713 | Q2: =0.2*LN(Sheet1!BY2/Sheet1!CD2) -> 0.11353095 | R2: =0.2*LN(Sheet1!CD2/Sheet1!CI2) -> 0.17035101 | S2: =0.2*LN(Sheet1!CI2/Sheet1!CN2) -> 0.24379748 | T2: =0.2*LN(Sheet1!CN2/Sheet1!CS2) -> 0.33688248 | U2: =0.2*LN(Sheet1!CS2/Sheet1!CX2) -> 0.4619065
A3: 1951 | B3: =0.2*LN(Sheet1!B3/Sheet1!G3) -> 0.06391088 | C3: =0.2*LN(Sheet1!G3/Sheet1!L3) -> 0.0079977446 | D3: =0.2*LN(Sheet1!L3/Sheet1!Q3) -> 0.0047230048 | E3: =0.2*LN(Sheet1!Q3/Sheet1!V3) -> 0.0059673615 | F3: =0.2*LN(Sheet1!V3/Sheet1!AA3) -> 0.0073929357 | G3: =0.2*LN(Sheet1!AA3/Sheet1!AF3) -> 0.0082021334 | H3: =0.2*LN(Sheet1!AF3/Sheet1!AK3) -> 0.0091552265 | I3: =0.2*LN(Sheet1!AK3/Sheet1!AP3) -> 0.010048923 | J3: =0.2*LN(Sheet1!AP3/Sheet1!AU3) -> 0.0111326 | K3: =0.2*LN(Sheet1!AU3/Sheet1!AZ3) -> 0.012088893 | L3: =0.2*LN(Sheet1!AZ3/Sheet1!BE3) -> 0.015553159 | M3: =0.2*LN(Sheet1!BE3/Sheet1!BJ3) -> 0.020654423 | N3: =0.2*LN(Sheet1!BJ3/Sheet1!BO3) -> 0.031878663 | O3: =0.2*LN(Sheet1!BO3/Sheet1!BT3) -> 0.047263686 | P3: =0.2*LN(Sheet1!BT3/Sheet1!BY3) -> 0.075643719 | Q3: =0.2*LN(Sheet1!BY3/Sheet1!CD3) -> 0.11387911 | R3: =0.2*LN(Sheet1!CD3/Sheet1!CI3) -> 0.1709952 | S3: =0.2*LN(Sheet1!CI3/Sheet1!CN3) -> 0.24496505 | T3: =0.2*LN(Sheet1!CN3/Sheet1!CS3) -> 0.33863462 | U3: =0.2*LN(Sheet1!CS3/Sheet1!CX3) -> 0.46436957
A4: 1952 | B4: =0.2*LN(Sheet1!B4/Sheet1!G4) -> 0.061774517 | C4: =0.2*LN(Sheet1!G4/Sheet1!L4) -> 0.0076709425 | D4: =0.2*LN(Sheet1!L4/Sheet1!Q4) -> 0.0045429529 | E4: =0.2*LN(Sheet1!Q4/Sheet1!V4) -> 0.0057689864 | F4: =0.2*LN(Sheet1!V4/Sheet1!AA4) -> 0.0071512361 | G4: =0.2*LN(Sheet1!AA4/Sheet1!AF4) -> 0.007946717 | H4: =0.2*LN(Sheet1!AF4/Sheet1!AK4) -> 0.0088916249 | I4: =0.2*LN(Sheet1!AK4/Sheet1!AP4) -> 0.0098004869 | J4: =0.2*LN(Sheet1!AP4/Sheet1!AU4) -> 0.010904542 | K4: =0.2*LN(Sheet1!AU4/Sheet1!AZ4) -> 0.011906725 | L4: =0.2*LN(Sheet1!AZ4/Sheet1!BE4) -> 0.0153566 | M4: =0.2*LN(Sheet1!BE4/Sheet1!BJ4) -> 0.020438585 | N4: =0.2*LN(Sheet1!BJ4/Sheet1!BO4) -> 0.031574301 | O4: =0.2*LN(Sheet1!BO4/Sheet1!BT4) -> 0.046932874 | P4: =0.2*LN(Sheet1!BT4/Sheet1!BY4) -> 0.075266797 | Q4: =0.2*LN(Sheet1!BY4/Sheet1!CD4) -> 0.11363111 | R4: =0.2*LN(Sheet1!CD4/Sheet1!CI4) -> 0.17077763 | S4: =0.2*LN(Sheet1!CI4/Sheet1!CN4) -> 0.24489955 | T4: =0.2*LN(Sheet1!CN4/Sheet1!CS4) -> 0.33863635 | U4: =0.2*LN(Sheet1!CS4/Sheet1!CX4) -> 0.46445798
A5: 1953 | B5: =0.2*LN(Sheet1!B5/Sheet1!G5) -> 0.059687291 | C5: =0.2*LN(Sheet1!G5/Sheet1!L5) -> 0.0073634794 | D5: =0.2*LN(Sheet1!L5/Sheet1!Q5) -> 0.0043783521 | E5: =0.2*LN(Sheet1!Q5/Sheet1!V5) -> 0.0055823428 | F5: =0.2*LN(Sheet1!V5/Sheet1!AA5) -> 0.0069200157 | G5: =0.2*LN(Sheet1!AA5/Sheet1!AF5) -> 0.0077007648 | H5: =0.2*LN(Sheet1!AF5/Sheet1!AK5) -> 0.0086367327 | I5: =0.2*LN(Sheet1!AK5/Sheet1!AP5) -> 0.0095592401 | J5: =0.2*LN(Sheet1!AP5/Sheet1!AU5) -> 0.010683345 | K5: =0.2*LN(Sheet1!AU5/Sheet1!AZ5) -> 0.011731026 | L5: =0.2*LN(Sheet1!AZ5/Sheet1!BE5) -> 0.015164405 | M5: =0.2*LN(Sheet1!BE5/Sheet1!BJ5) -> 0.020223235 | N5: =0.2*LN(Sheet1!BJ5/Sheet1!BO5) -> 0.031260088 | O5: =0.2*LN(Sheet1!BO5/Sheet1!BT5) -> 0.046579627 | P5: =0.2*LN(Sheet1!BT5/Sheet1!BY5) -> 0.074839698 | Q5: =0.2*LN(Sheet1!BY5/Sheet1!CD5) -> 0.11325368 | R5: =0.2*LN(Sheet1!CD5/Sheet1!CI5) -> 0.17039204 | S5: =0.2*LN(Sheet1!CI5/Sheet1!CN5) -> 0.24466 | T5: =0.2*LN(Sheet1!CN5/Sheet1!CS5) -> 0.33849072 | U5: =0.2*LN(Sheet1!CS5/Sheet1!CX5) -> 0.46431406
A6: 1954 | B6: =0.2*LN(Sheet1!B6/Sheet1!G6) -> 0.057660178 | C6: =0.2*LN(Sheet1!G6/Sheet1!L6) -> 0.0070710726 | D6: =0.2*LN(Sheet1!L6/Sheet1!Q6) -> 0.0042218806 | E6: =0.2*LN(Sheet1!Q6/Sheet1!V6) -> 0.0054045735 | F6: =0.2*LN(Sheet1!V6/Sheet1!AA6) -> 0.0066993731 | G6: =0.2*LN(Sheet1!AA6/Sheet1!AF6) -> 0.0074661824 | H6: =0.2*LN(Sheet1!AF6/Sheet1!AK6) -> 0.008393556 | I6: =0.2*LN(Sheet1!AK6/Sheet1!AP6) -> 0.0093285614 | J6: =0.2*LN(Sheet1!AP6/Sheet1!AU6) -> 0.010471115 | K6: =0.2*LN(Sheet1!AU6/Sheet1!AZ6) -> 0.011564332 | L6: =0.2*LN(Sheet1!AZ6/Sheet1!BE6) -> 0.014984786 | M6: =0.2*LN(Sheet1!BE6/Sheet1!BJ6) -> 0.020025754 | N6: =0.2*LN(Sheet1!BJ6/Sheet1!BO6) -> 0.030976143 | O6: =0.2*LN(Sheet1!BO6/Sheet1!BT6) -> 0.046271377 | P6: =0.2*LN(Sheet1!BT6/Sheet1!BY6) -> 0.074485254 | Q6: =0.2*LN(Sheet1!BY6/Sheet1!CD6) -> 0.11298789 | R6: =0.2*LN(Sheet1!CD6/Sheet1!CI6) -> 0.17017725 | S6: =0.2*LN(Sheet1!CI6/Sheet1!CN6) -> 0.24467365 | T6: =0.2*LN(Sheet1!CN6/Sheet1!CS6) -> 0.33869783 | U6: =0.2*LN(Sheet1!CS6/Sheet1!CX6) -> 0.46472183
A7: 1955 | B7: =0.2*LN(Sheet1!B7/Sheet1!G7) -> 0.055704756 | C7: =0.2*LN(Sheet1!G7/Sheet1!L7) -> 0.0067907473 | D7: =0.2*LN(Sheet1!L7/Sheet1!Q7) -> 0.0040729872 | E7: =0.2*LN(Sheet1!Q7/Sheet1!V7) -> 0.0052339131 | F7: =0.2*LN(Sheet1!V7/Sheet1!AA7) -> 0.0064867015 | G7: =0.2*LN(Sheet1!AA7/Sheet1!AF7) -> 0.0072392631 | H7: =0.2*LN(Sheet1!AF7/Sheet1!AK7) -> 0.0081580643 | I7: =0.2*LN(Sheet1!AK7/Sheet1!AP7) -> 0.0091046779 | J7: =0.2*LN(Sheet1!AP7/Sheet1!AU7) -> 0.010264872 | K7: =0.2*LN(Sheet1!AU7/Sheet1!AZ7) -> 0.01140145 | L7: =0.2*LN(Sheet1!AZ7/Sheet1!BE7) -> 0.014808809 | M7: =0.2*LN(Sheet1!BE7/Sheet1!BJ7) -> 0.019831052 | N7: =0.2*LN(Sheet1!BJ7/Sheet1!BO7) -> 0.03069397 | O7: =0.2*LN(Sheet1!BO7/Sheet1!BT7) -> 0.04596209 | P7: =0.2*LN(Sheet1!BT7/Sheet1!BY7) -> 0.07412888 | Q7: =0.2*LN(Sheet1!BY7/Sheet1!CD7) -> 0.11271871 | R7: =0.2*LN(Sheet1!CD7/Sheet1!CI7) -> 0.16995917 | S7: =0.2*LN(Sheet1!CI7/Sheet1!CN7) -> 0.24468477 | T7: =0.2*LN(Sheet1!CN7/Sheet1!CS7) -> 0.3389037 | U7: =0.2*LN(Sheet1!CS7/Sheet1!CX7) -> 0.46516178
A8: 1956 | B8: =0.2*LN(Sheet1!B8/Sheet1!G8) -> 0.053769015 | C8: =0.2*LN(Sheet1!G8/Sheet1!L8) -> 0.0065027263 | D8: =0.2*LN(Sheet1!L8/Sheet1!Q8) -> 0.003915908 | E8: =0.2*LN(Sheet1!Q8/Sheet1!V8) -> 0.0050533513 | F8: =0.2*LN(Sheet1!V8/Sheet1!AA8) -> 0.0062634313 | G8: =0.2*LN(Sheet1!AA8/Sheet1!AF8) -> 0.0070007969 | H8: =0.2*LN(Sheet1!AF8/Sheet1!AK8) -> 0.0079097005 | I8: =0.2*LN(Sheet1!AK8/Sheet1!AP8) -> 0.008865516 | J8: =0.2*LN(Sheet1!AP8/Sheet1!AU8) -> 0.010039492 | K8: =0.2*LN(Sheet1!AU8/Sheet1!AZ8) -> 0.011214316 | L8: =0.2*LN(Sheet1!AZ8/Sheet1!BE8) -> 0.014602294 | M8: =0.2*LN(Sheet1!BE8/Sheet1!BJ8) -> 0.019596562 | N8: =0.2*LN(Sheet1!BJ8/Sheet1!BO8) -> 0.03035401 | O8: =0.2*LN(Sheet1!BO8/Sheet1!BT8) -> 0.045566107 | P8: =0.2*LN(Sheet1!BT8/Sheet1!BY8) -> 0.073639553 | Q8: =0.2*LN(Sheet1!BY8/Sheet1!CD8) -> 0.11228358 | R8: =0.2*LN(Sheet1!CD8/Sheet1!CI8) -> 0.16947822 | S8: =0.2*LN(Sheet1!CI8/Sheet1!CN8) -> 0.24427399 | T8: =0.2*LN(Sheet1!CN8/Sheet1!CS8) -> 0.33847976 | U8: =0.2*LN(Sheet1!CS8/Sheet1!CX8) -> 0.46467508
A9: 1957 | B9: =0.2*LN(Sheet1!B9/Sheet1!G9) -> 0.052083479 | C9: =0.2*LN(Sheet1!G9/Sheet1!L9) -> 0.0062402672 | D9: =0.2*LN(Sheet1!L9/Sheet1!Q9) -> 0.0037704931 | E9: =0.2*LN(Sheet1!Q9/Sheet1!V9) -> 0.0048830333 | F9: =0.2*LN(Sheet1!V9/Sheet1!AA9) -> 0.0060525831 | G9: =0.2*LN(Sheet1!AA9/Sheet1!AF9) -> 0.0067749258 | H9: =0.2*LN(Sheet1!AF9/Sheet1!AK9) -> 0.0076738509 | I9: =0.2*LN(Sheet1!AK9/Sheet1!AP9) -> 0.008637187 | J9: =0.2*LN(Sheet1!AP9/Sheet1!AU9) -> 0.0098248048 | K9: =0.2*LN(Sheet1!AU9/Sheet1!AZ9) -> 0.011035458 | L9: =0.2*LN(Sheet1!AZ9/Sheet1!BE9) -> 0.014406325 | M9: =0.2*LN(Sheet1!BE9/Sheet1!BJ9) -> 0.019374459 | N9: =0.2*LN(Sheet1!BJ9/Sheet1!BO9) -> 0.030041217 | O9: =0.2*LN(Sheet1!BO9/Sheet1!BT9) -> 0.045211319 | P9: =0.2*LN(Sheet1!BT9/Sheet1!BY9) -> 0.073218166 | Q9: =0.2*LN(Sheet1!BY9/Sheet1!CD9) -> 0.11192539 | R9: =0.2*LN(Sheet1!CD9/Sheet1!CI9) -> 0.16913032 | S9: =0.2*LN(Sheet1!CI9/Sheet1!CN9) -> 0.24408684 | T9: =0.2*LN(Sheet1!CN9/Sheet1!CS9) -> 0.33841677 | U9: =0.2*LN(Sheet1!CS9/Sheet1!CX9) -> 0.46473172
A10: 1958 | B10: =0.2*LN(Sheet1!B10/Sheet1!G10) -> 0.050329627 | C10: =0.2*LN(Sheet1!G10/Sheet1!L10) -> 0.0059763214 | D10: =0.2*LN(Sheet1!L10/Sheet1!Q10) -> 0.0036257495 | E10: =0.2*LN(Sheet1!Q10/Sheet1!V10) -> 0.0047198502 | F10: =0.2*LN(Sheet1!V10/Sheet1!AA10) -> 0.005856316 | G10: =0.2*LN(Sheet1!AA10/Sheet1!AF10) -> 0.0065637411 | H10: =0.2*LN(Sheet1!AF10/Sheet1!AK10) -> 0.007454473 | I10: =0.2*LN(Sheet1!AK10/Sheet1!AP10) -> 0.0084345152 | J10: =0.2*LN(Sheet1!AP10/Sheet1!AU10) -> 0.0096524523 | K10: =0.2*LN(Sheet1!AU10/Sheet1!AZ10) -> 0.010894518 | L10: =0.2*LN(Sheet1!AZ10/Sheet1!BE10) -> 0.014239978 | M10: =0.2*LN(Sheet1!BE10/Sheet1!BJ10) -> 0.019170531 | N10: =0.2*LN(Sheet1!BJ10/Sheet1!BO10) -> 0.029714089 | O10: =0.2*LN(Sheet1!BO10/Sheet1!BT10) -> 0.044817302 | P10: =0.2*LN(Sheet1!BT10/Sheet1!BY10) -> 0.072713354 | Q10: =0.2*LN(Sheet1!BY10/Sheet1!CD10) -> 0.11143489 | R10: =0.2*LN(Sheet1!CD10/Sheet1!CI10) -> 0.16858868 | S10: =0.2*LN(Sheet1!CI10/Sheet1!CN10) -> 0.24364155 | T10: =0.2*LN(Sheet1!CN10/Sheet1!CS10) -> 0.33801641 | U10: =0.2*LN(Sheet1!CS10/Sheet1!CX10) -> 0.46431327
A11: 1959 | B11: =0.2*LN(Sheet1!B11/Sheet1!G11) -> 0.048694141 | C11: =0.2*LN(Sheet1!G11/Sheet1!L11) -> 0.0057320445 | D11: =0.2*LN(Sheet1!L11/Sheet1!Q11) -> 0.0034896046 | E11: =0.2*LN(Sheet1!Q11/Sheet1!V11) -> 0.004554904 | F11: =0.2*LN(Sheet1!V11/Sheet1!AA11) -> 0.0056484452 | G11: =0.2*LN(Sheet1!AA11/Sheet1!AF11) -> 0.0063408425 | H11: =0.2*LN(Sheet1!AF11/Sheet1!AK11) -> 0.0072199461 | I11: =0.2*LN(Sheet1!AK11/Sheet1!AP11) -> 0.0082005903 | J11: =0.2*LN(Sheet1!AP11/Sheet1!AU11) -> 0.0094210216 | K11: =0.2*LN(Sheet1!AU11/Sheet1!AZ11) -> 0.010698769 | L11: =0.2*LN(Sheet1!AZ11/Sheet1!BE11) -> 0.014029424 | M11: =0.2*LN(Sheet1!BE11/Sheet1!BJ11) -> 0.018937796 | N11: =0.2*LN(Sheet1!BJ11/Sheet1!BO11) -> 0.02939977 | O11: =0.2*LN(Sheet1!BO11/Sheet1!BT11) -> 0.044463573 | P11: =0.2*LN(Sheet1!BT11/Sheet1!BY11) -> 0.072294647 | Q11: =0.2*LN(Sheet1!BY11/Sheet1!CD11) -> 0.11108072 | R11: =0.2*LN(Sheet1!CD11/Sheet1!CI11) -> 0.16825603 | S11: =0.2*LN(Sheet1!CI11/Sheet1!CN11) -> 0.2435019 | T11: =0.2*LN(Sheet1!CN11/Sheet1!CS11) -> 0.33803526 | U11: =0.2*LN(Sheet1!CS11/Sheet1!CX11) -> 0.46454052
A12: 1960 | B12: =0.2*LN(Sheet1!B12/Sheet1!G12) -> 0.04713254 | C12: =0.2*LN(Sheet1!G12/Sheet1!L12) -> 0.0054974243 | D12: =0.2*LN(Sheet1!L12/Sheet1!Q12) -> 0.003358223 | E12: =0.2*LN(Sheet1!Q12/Sheet1!V12) -> 0.0043975905 | F12: =0.2*LN(Sheet1!V12/Sheet1!AA12) -> 0.0054530939 | G12: =0.2*LN(Sheet1!AA12/Sheet1!AF12) -> 0.0061307854 | H12: =0.2*LN(Sheet1!AF12/Sheet1!AK12) -> 0.0069994367 | I12: =0.2*LN(Sheet1!AK12/Sheet1!AP12) -> 0.0079847621 | J12: =0.2*LN(Sheet1!AP12/Sheet1!AU12) -> 0.0092157585 | K12: =0.2*LN(Sheet1!AU12/Sheet1!AZ12) -> 0.010525452 | L12: =0.2*LN(Sheet1!AZ12/Sheet1!BE12) -> 0.013838375 | M12: =0.2*LN(Sheet1!BE12/Sheet1!BJ12) -> 0.01871993 | N12: =0.2*LN(Sheet1!BJ12/Sheet1!BO12) -> 0.029091361 | O12: =0.2*LN(Sheet1!BO12/Sheet1!BT12) -> 0.04410989 | P12: =0.2*LN(Sheet1!BT12/Sheet1!BY12) -> 0.071868894 | Q12: =0.2*LN(Sheet1!BY12/Sheet1!CD12) -> 0.11071163 | R12: =0.2*LN(Sheet1!CD12/Sheet1!CI12) -> 0.1679069 | S12: =0.2*LN(Sheet1!CI12/Sheet1!CN12) -> 0.24334836 | T12: =0.2*LN(Sheet1!CN12/Sheet1!CS12) -> 0.33805388 | U12: =0.2*LN(Sheet1!CS12/Sheet1!CX12) -> 0.46477513
A13: 1961 | B13: =0.2*LN(Sheet1!B13/Sheet1!G13) -> 0.045643475 | C13: =0.2*LN(Sheet1!G13/Sheet1!L13) -> 0.0053109864 | D13: =0.2*LN(Sheet1!L13/Sheet1!Q13) -> 0.0032608773 | E13: =0.2*LN(Sheet1!Q13/Sheet1!V13) -> 0.004289909 | F13: =0.2*LN(Sheet1!V13/Sheet1!AA13) -> 0.0053195664 | G13: =0.2*LN(Sheet1!AA13/Sheet1!AF13) -> 0.0059867625 | H13: =0.2*LN(Sheet1!AF13/Sheet1!AK13) -> 0.006846814 | I13: =0.2*LN(Sheet1!AK13/Sheet1!AP13) -> 0.007836374 | J13: =0.2*LN(Sheet1!AP13/Sheet1!AU13) -> 0.0090754167 | K13: =0.2*LN(Sheet1!AU13/Sheet1!AZ13) -> 0.010414041 | L13: =0.2*LN(Sheet1!AZ13/Sheet1!BE13) -> 0.013715298 | M13: =0.2*LN(Sheet1!BE13/Sheet1!BJ13) -> 0.018583225 | N13: =0.2*LN(Sheet1!BJ13/Sheet1!BO13) -> 0.028879961 | O13: =0.2*LN(Sheet1!BO13/Sheet1!BT13) -> 0.043868192 | P13: =0.2*LN(Sheet1!BT13/Sheet1!BY13) -> 0.071567435 | Q13: =0.2*LN(Sheet1!BY13/Sheet1!CD13) -> 0.11046041 | R13: =0.2*LN(Sheet1!CD13/Sheet1!CI13) -> 0.16768192 | S13: =0.2*LN(Sheet1!CI13/Sheet1!CN13) -> 0.24329535 | T13: =0.2*LN(Sheet1!CN13/Sheet1!CS13) -> 0.33818021 | U13: =0.2*LN(Sheet1!CS13/Sheet1!CX13) -> 0.46502845
... A75: 2023 | B75: =0.2*LN(Sheet1!B75/Sheet1!G75) -> 0.003710738 | C75: =0.2*LN(Sheet1!G75/Sheet1!L75) -> 0.00045902885 | D75: =0.2*LN(Sheet1!L75/Sheet1!Q75) -> 0.00043332009 | E75: =0.2*LN(Sheet1!Q75/Sheet1!V75) -> 0.00084655575 | F75: =0.2*LN(Sheet1!V75/Sheet1!AA75) -> 0.0010417337 | G75: =0.2*LN(Sheet1!AA75/Sheet1!AF75) -> 0.0012004999 | H75: =0.2*LN(Sheet1!AF75/Sheet1!AK75) -> 0.0015112885 | I75: =0.2*LN(Sheet1!AK75/Sheet1!AP75) -> 0.002069477 | J75: =0.2*LN(Sheet1!AP75/Sheet1!AU75) -> 0.0029251858 | K75: =0.2*LN(Sheet1!AU75/Sheet1!AZ75) -> 0.0043415886 | L75: =0.2*LN(Sheet1!AZ75/Sheet1!BE75) -> 0.0063433877 | M75: =0.2*LN(Sheet1!BE75/Sheet1!BJ75) -> 0.009389256 | N75: =0.2*LN(Sheet1!BJ75/Sheet1!BO75) -> 0.014211327 | O75: =0.2*LN(Sheet1!BO75/Sheet1!BT75) -> 0.022721096 | P75: =0.2*LN(Sheet1!BT75/Sheet1!BY75) -> 0.038073169 | Q75: =0.2*LN(Sheet1!BY75/Sheet1!CD75) -> 0.065120651 | R75: =0.2*LN(Sheet1!CD75/Sheet1!CI75) -> 0.10974319 | S75: =0.2*LN(Sheet1!CI75/Sheet1!CN75) -> 0.1792721 | T75: =0.2*LN(Sheet1!CN75/Sheet1!CS75) -> 0.27707712 | U75: =0.2*LN(Sheet1!CS75/Sheet1!CX75) -> 0.40776317
